{"cameraMode":{"drawMode":0,"name":"Shaded","section":"Shading Mode"},"sceneLighting":true,"audioPlay":false,"sceneViewState":{"m_AlwaysRefresh":false,"showFog":true,"showSkybox":true,"showFlares":true,"showImageEffects":true,"showParticleSystems":true,"showVisualEffectGraphs":true,"m_FxEnabled":true},"in2DMode":false,"pivot":{"x":-0.12529468536376954,"y":0.03836703300476074,"z":0.09843826293945313},"rotation":{"x":-0.528754472732544,"y":-0.1270231306552887,"z":0.08040175586938858,"w":-0.8353555798530579},"size":71.6695785522461,"orthographic":false}